Race,Kills
Black,15.874924500991144
Native American,10.572093492774145
Hispanic,8.379955669043972
White,5.3723214465241655
Asian,2.6577163864979287
